{"sizes": [3, 3, 3], "weights": [[[-0.32161060565504823, -1.3227112715416929, 1.0760950537529383], [-0.06401390323017785, -0.569264937475362, -0.4581586216074132], [2.097557108365711, -1.3858038702308286, 0.2662059915105121]], [[0.6994428368418393, 0.07716784779273242, 1.0980931287796833], [0.000691112939238625, 1.0202315391495598, -0.417553291532022], [0.5187276237263895, 1.6145587775715668, 0.31871271916033234]]], "biases": [[[0.9724927883495883], [-1.2684080262457995], [-0.1389568035522082]], [[-0.9994147552092004], [1.7000962507460717], [0.9039025555840664]]]}