{"sizes": [3, 3, 3], "weights": [[[-1.7925251514333311, -0.4999047820389546, -1.4135804553065392], [0.28892116578017296, -0.6941512627549371, 1.2800262660070765], [1.251461580050416, 0.8188650388486043, 0.8292484828993425]], [[0.19087900652881254, -1.573038588957576, 0.9426101219894788], [1.1970982136370716, 1.2995112259375727, 0.005693058125326564], [0.15784389926946202, 1.4459131852184368, 0.316467995281842]]], "biases": [[[-0.2397521183772889], [0.1512165438431417], [-0.1957721670856225]], [[-1.856433540398712], [0.38298146138663847], [-0.09994375129636317]]]}