{"sizes": [3, 3, 3], "weights": [[[0.14900331186607915, -2.401764516860556, 1.5240274240070395], [-0.40678938120284563, 0.3092160607879842, 0.7827053449945595], [-0.677898242903108, -1.0274046613708627, 0.4771362045791595]], [[-0.9745055875725468, -0.5465058461261507, 0.8957926728423526], [0.21832259145763522, 0.6019341020234844, 0.9231059008173825], [-2.401887069547069, -0.06495830752020992, 1.610095689338352]]], "biases": [[[0.18981932470532475], [-0.5442868344486117], [-1.2816639573220794]], [[0.8387977219194265], [-0.27368230917007025], [1.2468285818408311]]]}