{"sizes": [3, 3, 3], "weights": [[[-1.1484784172044575, -1.008874888992355, 0.9836093075695209], [0.3679445336757592, -0.5371366477839034, -1.680607089268759], [0.6245965957189169, 0.07496623721451848, -0.20379851337693441]], [[0.733807721580594, 0.38848664923513937, -0.41295093493559903], [0.7333312472496345, 0.5404000318094903, -0.10617287135554358], [0.6654143050573877, -1.1543947302202697, -0.7918937875273906]]], "biases": [[[-0.6522262875939484], [0.056330623898180346], [1.0694805888689871]], [[0.5084714377408257], [0.830152592451077], [-0.19506456435279143]]]}