{"sizes": [3, 3, 3], "weights": [[[-0.33692577775171384, 0.4053895994249429, -0.7410397072092989], [1.3120441531488276, -0.548560378826164, 1.097606109869925], [0.30797417394388893, -0.08044806199794252, 0.1254537870824868]], [[-0.3718724927400971, 0.5385702924059831, -1.8278105469851906], [1.0238146176025438, -1.2301429609456018, -1.6413804412703112], [0.9970955594778976, 0.7593893091061948, -1.0919316151702043]]], "biases": [[[0.12525794807411061], [-1.0007745862031463], [-0.35068434637278534]], [[-0.2509739368878374], [-1.1242117185603666], [1.1566582078197651]]]}