{"sizes": [3, 3, 3], "weights": [[[0.3564548465827216, 0.3984060870893285, 1.1102830441588039], [-0.3129966675324559, -2.0887956048563368, 1.4542596859003396], [0.5943640623421573, 0.6628278126590191, 0.3265259191250353]], [[-0.9269087487532669, -0.14870231955558838, 2.8053571827081907], [0.3278836532835511, -1.224832916055254, -0.29303534146100246], [0.6877123525131502, 1.2875301416668874, 0.6794275867138426]]], "biases": [[[0.8334611020823832], [-0.6489053319953862], [0.08949761807585678]], [[-0.11382645377553462], [-0.008610844128059432], [-0.3274821660414371]]]}