{"sizes": [3, 3, 3], "weights": [[[-0.7511257326724422, -0.041796631209586085, 0.5286454667515429], [-0.14038441430665777, -0.05909005382876079, -0.867834181205937], [0.9455039973408402, 0.263329540549499, -0.21179343862073008]], [[2.361570706644673, -1.5495942747741105, 0.1810942721453573], [-0.24099387650238038, -0.18048423264787256, -1.4919352024734596], [0.628938619787506, 3.2843455030957274, 0.5687927046997338]]], "biases": [[[-0.8751665115891407], [0.12733678449958843], [1.1632631977402206]], [[1.1881298105120437], [0.2580477018156128], [-0.6564738907226882]]]}