{"sizes": [3, 3, 3], "weights": [[[-2.2704522560637765, 0.1874053814287718, -0.2130778887249904], [0.5568283915331443, 1.0480831990502426, -0.2932437124364218], [-0.2145922220839235, -0.13617839114097108, 1.3690838184993488]], [[1.5114643626450281, 1.4223108721482667, 0.1899287025666807], [0.7567296360357868, -0.1738717029468079, 0.056297480743050465], [0.40077919503113824, -0.6530210966229633, -0.40527807610560296]]], "biases": [[[-0.9930422085403382], [-0.8080956353074138], [-1.820993369195176]], [[0.24180225818495843], [1.6781611910004521], [1.6448517512285896]]]}