{"sizes": [3, 3, 3], "weights": [[[-0.701971115118482, 0.8709078914762274, 1.133233386229572], [1.0574301480688606, 1.9350652700968767, 0.4452795064862961], [-0.8204383824291225, -0.6139316739499923, 0.019747782117400216]], [[-0.9054691883328526, 0.6102844792273145, 0.5361902636837759], [-0.8485091080044519, 1.2060720390840178, -1.9235412212840628], [-0.6631820543387378, 2.4460223163234445, 0.4822200242151131]]], "biases": [[[-1.2880808474203629], [0.2616177590625078], [-0.9589311117699324]], [[-0.019754306466387605], [-1.179425680730657], [-0.7921208649559903]]]}