{"sizes": [3, 3, 3], "weights": [[[1.213055006955046, 1.9982952959100784, 0.029427945191842605], [0.461389703139003, -1.0514019686494485, 0.8348812458903115], [-1.2800562560938735, -1.3419771246130205, -1.157598245676565]], [[0.2963579908226559, 3.0633958265898356, -0.01159826585251297], [0.6044583469706152, -1.162839599795504, 0.30991407658853865], [-2.6744136501288938, 1.9785541491297447, -0.17196514507315305]]], "biases": [[[-1.4174395105581292], [1.4615265900992884], [0.6524063455977137]], [[0.4196191291022219], [0.37910720615632754], [0.06478333174861632]]]}